rank,name,com_domain,com_status,se_domain,se_status,score,length,bolagsverket_url,tmview_url,checked_at_utc,notes
1,Lind Pine,lindpine.com,available,lindpine.se,available,114.1,8,https://foretagsinfo.bolagsverket.se/sok-foretagsinformation-web/foretag,https://www.tmdn.org/tmview/#/tmview/results?page=1&pageSize=30&criteria=C&basicSearch=Lind+Pine,2026-07-30T13:22:30+00:00,.com verkar ledig; .se verkar ledig
2,Norr Pine,norrpine.com,available,norrpine.se,available,114.1,8,https://foretagsinfo.bolagsverket.se/sok-foretagsinformation-web/foretag,https://www.tmdn.org/tmview/#/tmview/results?page=1&pageSize=30&criteria=C&basicSearch=Norr+Pine,2026-07-30T13:22:30+00:00,.com verkar ledig; .se verkar ledig
3,Lind Loom,lindloom.com,available,lindloom.se,available,112.0,8,https://foretagsinfo.bolagsverket.se/sok-foretagsinformation-web/foretag,https://www.tmdn.org/tmview/#/tmview/results?page=1&pageSize=30&criteria=C&basicSearch=Lind+Loom,2026-07-30T13:22:30+00:00,.com verkar ledig; .se verkar ledig
4,Lindell & Co,lindellco.com,available,lindellco.se,available,109.9,9,https://foretagsinfo.bolagsverket.se/sok-foretagsinformation-web/foretag,https://www.tmdn.org/tmview/#/tmview/results?page=1&pageSize=30&criteria=C&basicSearch=Lindell+%26+Co,2026-07-30T13:22:30+00:00,.com verkar ledig; .se verkar ledig
5,Lind Frame,lindframe.com,available,lindframe.se,available,109.9,9,https://foretagsinfo.bolagsverket.se/sok-foretagsinformation-web/foretag,https://www.tmdn.org/tmview/#/tmview/results?page=1&pageSize=30&criteria=C&basicSearch=Lind+Frame,2026-07-30T13:22:30+00:00,.com verkar ledig; .se verkar ledig
6,Lind Slate,lindslate.com,available,lindslate.se,available,109.9,9,https://foretagsinfo.bolagsverket.se/sok-foretagsinformation-web/foretag,https://www.tmdn.org/tmview/#/tmview/results?page=1&pageSize=30&criteria=C&basicSearch=Lind+Slate,2026-07-30T13:22:30+00:00,.com verkar ledig; .se verkar ledig
7,Lind Relay,lindrelay.com,available,lindrelay.se,available,109.9,9,https://foretagsinfo.bolagsverket.se/sok-foretagsinformation-web/foretag,https://www.tmdn.org/tmview/#/tmview/results?page=1&pageSize=30&criteria=C&basicSearch=Lind+Relay,2026-07-30T13:22:30+00:00,.com verkar ledig; .se verkar ledig
8,Norr House,norrhouse.com,available,norrhouse.se,available,109.9,9,https://foretagsinfo.bolagsverket.se/sok-foretagsinformation-web/foretag,https://www.tmdn.org/tmview/#/tmview/results?page=1&pageSize=30&criteria=C&basicSearch=Norr+House,2026-07-30T13:22:30+00:00,.com verkar ledig; .se verkar ledig
9,Norr Frame,norrframe.com,available,norrframe.se,available,109.9,9,https://foretagsinfo.bolagsverket.se/sok-foretagsinformation-web/foretag,https://www.tmdn.org/tmview/#/tmview/results?page=1&pageSize=30&criteria=C&basicSearch=Norr+Frame,2026-07-30T13:22:30+00:00,.com verkar ledig; .se verkar ledig
10,Norr Forge,norrforge.com,available,norrforge.se,available,109.9,9,https://foretagsinfo.bolagsverket.se/sok-foretagsinformation-web/foretag,https://www.tmdn.org/tmview/#/tmview/results?page=1&pageSize=30&criteria=C&basicSearch=Norr+Forge,2026-07-30T13:22:30+00:00,.com verkar ledig; .se verkar ledig
11,Lind Craft,lindcraft.com,available,lindcraft.se,available,104.6,9,https://foretagsinfo.bolagsverket.se/sok-foretagsinformation-web/foretag,https://www.tmdn.org/tmview/#/tmview/results?page=1&pageSize=30&criteria=C&basicSearch=Lind+Craft,2026-07-30T13:22:30+00:00,.com verkar ledig; .se verkar ledig
12,Lind Birch,lindbirch.com,available,lindbirch.se,available,104.6,9,https://foretagsinfo.bolagsverket.se/sok-foretagsinformation-web/foretag,https://www.tmdn.org/tmview/#/tmview/results?page=1&pageSize=30&criteria=C&basicSearch=Lind+Birch,2026-07-30T13:22:30+00:00,.com verkar ledig; .se verkar ledig
13,Lind Draft,linddraft.com,available,linddraft.se,available,104.6,9,https://foretagsinfo.bolagsverket.se/sok-foretagsinformation-web/foretag,https://www.tmdn.org/tmview/#/tmview/results?page=1&pageSize=30&criteria=C&basicSearch=Lind+Draft,2026-07-30T13:22:30+00:00,.com verkar ledig; .se verkar ledig
14,Norr Craft,norrcraft.com,available,norrcraft.se,available,104.6,9,https://foretagsinfo.bolagsverket.se/sok-foretagsinformation-web/foretag,https://www.tmdn.org/tmview/#/tmview/results?page=1&pageSize=30&criteria=C&basicSearch=Norr+Craft,2026-07-30T13:22:30+00:00,.com verkar ledig; .se verkar ledig
15,Lind Union,lindunion.com,available,lindunion.se,available,104.4,9,https://foretagsinfo.bolagsverket.se/sok-foretagsinformation-web/foretag,https://www.tmdn.org/tmview/#/tmview/results?page=1&pageSize=30&criteria=C&basicSearch=Lind+Union,2026-07-30T13:22:30+00:00,.com verkar ledig; .se verkar ledig
16,Norr Atlas,norratlas.com,available,norratlas.se,available,104.4,9,https://foretagsinfo.bolagsverket.se/sok-foretagsinformation-web/foretag,https://www.tmdn.org/tmview/#/tmview/results?page=1&pageSize=30&criteria=C&basicSearch=Norr+Atlas,2026-07-30T13:22:30+00:00,.com verkar ledig; .se verkar ledig
17,Lindell House,lindellhouse.com,available,lindellhouse.se,available,103.7,12,https://foretagsinfo.bolagsverket.se/sok-foretagsinformation-web/foretag,https://www.tmdn.org/tmview/#/tmview/results?page=1&pageSize=30&criteria=C&basicSearch=Lindell+House,2026-07-30T13:22:30+00:00,.com verkar ledig; .se verkar ledig
18,Lindell Frame,lindellframe.com,available,lindellframe.se,available,103.7,12,https://foretagsinfo.bolagsverket.se/sok-foretagsinformation-web/foretag,https://www.tmdn.org/tmview/#/tmview/results?page=1&pageSize=30&criteria=C&basicSearch=Lindell+Frame,2026-07-30T13:22:30+00:00,.com verkar ledig; .se verkar ledig
19,Lindell Forge,lindellforge.com,available,lindellforge.se,available,103.7,12,https://foretagsinfo.bolagsverket.se/sok-foretagsinformation-web/foretag,https://www.tmdn.org/tmview/#/tmview/results?page=1&pageSize=30&criteria=C&basicSearch=Lindell+Forge,2026-07-30T13:22:30+00:00,.com verkar ledig; .se verkar ledig
20,Lindell Stone,lindellstone.com,available,lindellstone.se,available,103.7,12,https://foretagsinfo.bolagsverket.se/sok-foretagsinformation-web/foretag,https://www.tmdn.org/tmview/#/tmview/results?page=1&pageSize=30&criteria=C&basicSearch=Lindell+Stone,2026-07-30T13:22:30+00:00,.com verkar ledig; .se verkar ledig
21,Lindell Slate,lindellslate.com,available,lindellslate.se,available,103.7,12,https://foretagsinfo.bolagsverket.se/sok-foretagsinformation-web/foretag,https://www.tmdn.org/tmview/#/tmview/results?page=1&pageSize=30&criteria=C&basicSearch=Lindell+Slate,2026-07-30T13:22:30+00:00,.com verkar ledig; .se verkar ledig
22,Lindell Relay,lindellrelay.com,available,lindellrelay.se,available,103.7,12,https://foretagsinfo.bolagsverket.se/sok-foretagsinformation-web/foretag,https://www.tmdn.org/tmview/#/tmview/results?page=1&pageSize=30&criteria=C&basicSearch=Lindell+Relay,2026-07-30T13:22:30+00:00,.com verkar ledig; .se verkar ledig
23,Lindell Studio,lindellstudio.com,available,lindellstudio.se,available,103.3,13,https://foretagsinfo.bolagsverket.se/sok-foretagsinformation-web/foretag,https://www.tmdn.org/tmview/#/tmview/results?page=1&pageSize=30&criteria=C&basicSearch=Lindell+Studio,2026-07-30T13:22:30+00:00,.com verkar ledig; .se verkar ledig
24,Lindell Company,lindellcompany.com,available,lindellcompany.se,available,102.6,14,https://foretagsinfo.bolagsverket.se/sok-foretagsinformation-web/foretag,https://www.tmdn.org/tmview/#/tmview/results?page=1&pageSize=30&criteria=C&basicSearch=Lindell+Company,2026-07-30T13:22:30+00:00,.com verkar ledig; .se verkar ledig
25,Lindell Foundry,lindellfoundry.com,available,lindellfoundry.se,available,102.4,14,https://foretagsinfo.bolagsverket.se/sok-foretagsinformation-web/foretag,https://www.tmdn.org/tmview/#/tmview/results?page=1&pageSize=30&criteria=C&basicSearch=Lindell+Foundry,2026-07-30T13:22:30+00:00,.com verkar ledig; .se verkar ledig
26,Lindell Line,lindellline.com,available,lindellline.se,available,102.4,11,https://foretagsinfo.bolagsverket.se/sok-foretagsinformation-web/foretag,https://www.tmdn.org/tmview/#/tmview/results?page=1&pageSize=30&criteria=C&basicSearch=Lindell+Line,2026-07-30T13:22:30+00:00,.com verkar ledig; .se verkar ledig
27,Lindell Pine,lindellpine.com,available,lindellpine.se,available,102.4,11,https://foretagsinfo.bolagsverket.se/sok-foretagsinformation-web/foretag,https://www.tmdn.org/tmview/#/tmview/results?page=1&pageSize=30&criteria=C&basicSearch=Lindell+Pine,2026-07-30T13:22:30+00:00,.com verkar ledig; .se verkar ledig
28,Lind Foundry,lindfoundry.com,available,lindfoundry.se,available,101.6,11,https://foretagsinfo.bolagsverket.se/sok-foretagsinformation-web/foretag,https://www.tmdn.org/tmview/#/tmview/results?page=1&pageSize=30&criteria=C&basicSearch=Lind+Foundry,2026-07-30T13:22:30+00:00,.com verkar ledig; .se verkar ledig
29,Lindell Office,lindelloffice.com,available,lindelloffice.se,available,101.4,13,https://foretagsinfo.bolagsverket.se/sok-foretagsinformation-web/foretag,https://www.tmdn.org/tmview/#/tmview/results?page=1&pageSize=30&criteria=C&basicSearch=Lindell+Office,2026-07-30T13:22:30+00:00,.com verkar ledig; .se verkar ledig
30,Lindell Motive,lindellmotive.com,available,lindellmotive.se,available,101.4,13,https://foretagsinfo.bolagsverket.se/sok-foretagsinformation-web/foretag,https://www.tmdn.org/tmview/#/tmview/results?page=1&pageSize=30&criteria=C&basicSearch=Lindell+Motive,2026-07-30T13:22:30+00:00,.com verkar ledig; .se verkar ledig
31,Lindell Current,lindellcurrent.com,available,lindellcurrent.se,available,100.9,14,https://foretagsinfo.bolagsverket.se/sok-foretagsinformation-web/foretag,https://www.tmdn.org/tmview/#/tmview/results?page=1&pageSize=30&criteria=C&basicSearch=Lindell+Current,2026-07-30T13:22:30+00:00,.com verkar ledig; .se verkar ledig
32,Lindell Systems,lindellsystems.com,available,lindellsystems.se,available,100.9,14,https://foretagsinfo.bolagsverket.se/sok-foretagsinformation-web/foretag,https://www.tmdn.org/tmview/#/tmview/results?page=1&pageSize=30&criteria=C&basicSearch=Lindell+Systems,2026-07-30T13:22:30+00:00,.com verkar ledig; .se verkar ledig
33,Lind Office,lindoffice.com,available,lindoffice.se,available,100.8,10,https://foretagsinfo.bolagsverket.se/sok-foretagsinformation-web/foretag,https://www.tmdn.org/tmview/#/tmview/results?page=1&pageSize=30&criteria=C&basicSearch=Lind+Office,2026-07-30T13:22:30+00:00,.com verkar ledig; .se verkar ledig
34,Lind Motive,lindmotive.com,available,lindmotive.se,available,100.8,10,https://foretagsinfo.bolagsverket.se/sok-foretagsinformation-web/foretag,https://www.tmdn.org/tmview/#/tmview/results?page=1&pageSize=30&criteria=C&basicSearch=Lind+Motive,2026-07-30T13:22:30+00:00,.com verkar ledig; .se verkar ledig
35,Norr Office,norroffice.com,available,norroffice.se,available,100.8,10,https://foretagsinfo.bolagsverket.se/sok-foretagsinformation-web/foretag,https://www.tmdn.org/tmview/#/tmview/results?page=1&pageSize=30&criteria=C&basicSearch=Norr+Office,2026-07-30T13:22:30+00:00,.com verkar ledig; .se verkar ledig
36,Pine Office,pineoffice.com,available,pineoffice.se,available,100.8,10,https://foretagsinfo.bolagsverket.se/sok-foretagsinformation-web/foretag,https://www.tmdn.org/tmview/#/tmview/results?page=1&pageSize=30&criteria=C&basicSearch=Pine+Office,2026-07-30T13:22:30+00:00,.com verkar ledig; .se verkar ledig
37,Lindell Form,lindellform.com,available,lindellform.se,available,100.6,11,https://foretagsinfo.bolagsverket.se/sok-foretagsinformation-web/foretag,https://www.tmdn.org/tmview/#/tmview/results?page=1&pageSize=30&criteria=C&basicSearch=Lindell+Form,2026-07-30T13:22:30+00:00,.com verkar ledig; .se verkar ledig
38,Lindell Mark,lindellmark.com,available,lindellmark.se,available,100.6,11,https://foretagsinfo.bolagsverket.se/sok-foretagsinformation-web/foretag,https://www.tmdn.org/tmview/#/tmview/results?page=1&pageSize=30&criteria=C&basicSearch=Lindell+Mark,2026-07-30T13:22:30+00:00,.com verkar ledig; .se verkar ledig
39,Lindell Loom,lindellloom.com,available,lindellloom.se,available,100.6,11,https://foretagsinfo.bolagsverket.se/sok-foretagsinformation-web/foretag,https://www.tmdn.org/tmview/#/tmview/results?page=1&pageSize=30&criteria=C&basicSearch=Lindell+Loom,2026-07-30T13:22:30+00:00,.com verkar ledig; .se verkar ledig
40,Lindell Labs,lindelllabs.com,available,lindelllabs.se,available,100.6,11,https://foretagsinfo.bolagsverket.se/sok-foretagsinformation-web/foretag,https://www.tmdn.org/tmview/#/tmview/results?page=1&pageSize=30&criteria=C&basicSearch=Lindell+Labs,2026-07-30T13:22:30+00:00,.com verkar ledig; .se verkar ledig
41,Lind Current,lindcurrent.com,available,lindcurrent.se,available,100.6,11,https://foretagsinfo.bolagsverket.se/sok-foretagsinformation-web/foretag,https://www.tmdn.org/tmview/#/tmview/results?page=1&pageSize=30&criteria=C&basicSearch=Lind+Current,2026-07-30T13:22:30+00:00,.com verkar ledig; .se verkar ledig
42,Lind Network,lindnetwork.com,available,lindnetwork.se,available,100.6,11,https://foretagsinfo.bolagsverket.se/sok-foretagsinformation-web/foretag,https://www.tmdn.org/tmview/#/tmview/results?page=1&pageSize=30&criteria=C&basicSearch=Lind+Network,2026-07-30T13:22:30+00:00,.com verkar ledig; .se verkar ledig
43,Baltic Field,balticfield.com,available,balticfield.se,available,100.6,11,https://foretagsinfo.bolagsverket.se/sok-foretagsinformation-web/foretag,https://www.tmdn.org/tmview/#/tmview/results?page=1&pageSize=30&criteria=C&basicSearch=Baltic+Field,2026-07-30T13:22:30+00:00,.com verkar ledig; .se verkar ledig
44,Lindell Bureau,lindellbureau.com,available,lindellbureau.se,available,100.3,13,https://foretagsinfo.bolagsverket.se/sok-foretagsinformation-web/foretag,https://www.tmdn.org/tmview/#/tmview/results?page=1&pageSize=30&criteria=C&basicSearch=Lindell+Bureau,2026-07-30T13:22:30+00:00,.com verkar ledig; .se verkar ledig
45,Lindell Nordic,lindellnordic.com,available,lindellnordic.se,available,100.1,13,https://foretagsinfo.bolagsverket.se/sok-foretagsinformation-web/foretag,https://www.tmdn.org/tmview/#/tmview/results?page=1&pageSize=30&criteria=C&basicSearch=Lindell+Nordic,2026-07-30T13:22:30+00:00,.com verkar ledig; .se verkar ledig
46,Lindell Signal,lindellsignal.com,available,lindellsignal.se,available,100.1,13,https://foretagsinfo.bolagsverket.se/sok-foretagsinformation-web/foretag,https://www.tmdn.org/tmview/#/tmview/results?page=1&pageSize=30&criteria=C&basicSearch=Lindell+Signal,2026-07-30T13:22:30+00:00,.com verkar ledig; .se verkar ledig
47,Lindell Harbor,lindellharbor.com,available,lindellharbor.se,available,100.1,13,https://foretagsinfo.bolagsverket.se/sok-foretagsinformation-web/foretag,https://www.tmdn.org/tmview/#/tmview/results?page=1&pageSize=30&criteria=C&basicSearch=Lindell+Harbor,2026-07-30T13:22:30+00:00,.com verkar ledig; .se verkar ledig
48,Lindell Common,lindellcommon.com,available,lindellcommon.se,available,100.1,13,https://foretagsinfo.bolagsverket.se/sok-foretagsinformation-web/foretag,https://www.tmdn.org/tmview/#/tmview/results?page=1&pageSize=30&criteria=C&basicSearch=Lindell+Common,2026-07-30T13:22:30+00:00,.com verkar ledig; .se verkar ledig
49,Lind Nordic,lindnordic.com,available,lindnordic.se,available,100.1,10,https://foretagsinfo.bolagsverket.se/sok-foretagsinformation-web/foretag,https://www.tmdn.org/tmview/#/tmview/results?page=1&pageSize=30&criteria=C&basicSearch=Lind+Nordic,2026-07-30T13:22:30+00:00,.com verkar ledig; .se verkar ledig
50,Lind Signal,lindsignal.com,available,lindsignal.se,available,100.1,10,https://foretagsinfo.bolagsverket.se/sok-foretagsinformation-web/foretag,https://www.tmdn.org/tmview/#/tmview/results?page=1&pageSize=30&criteria=C&basicSearch=Lind+Signal,2026-07-30T13:22:30+00:00,.com verkar ledig; .se verkar ledig
51,Lind Harbor,lindharbor.com,available,lindharbor.se,available,100.1,10,https://foretagsinfo.bolagsverket.se/sok-foretagsinformation-web/foretag,https://www.tmdn.org/tmview/#/tmview/results?page=1&pageSize=30&criteria=C&basicSearch=Lind+Harbor,2026-07-30T13:22:30+00:00,.com verkar ledig; .se verkar ledig
52,Lind Common,lindcommon.com,available,lindcommon.se,available,100.1,10,https://foretagsinfo.bolagsverket.se/sok-foretagsinformation-web/foretag,https://www.tmdn.org/tmview/#/tmview/results?page=1&pageSize=30&criteria=C&basicSearch=Lind+Common,2026-07-30T13:22:30+00:00,.com verkar ledig; .se verkar ledig
53,Norr Harbor,norrharbor.com,available,norrharbor.se,available,100.1,10,https://foretagsinfo.bolagsverket.se/sok-foretagsinformation-web/foretag,https://www.tmdn.org/tmview/#/tmview/results?page=1&pageSize=30&criteria=C&basicSearch=Norr+Harbor,2026-07-30T13:22:30+00:00,.com verkar ledig; .se verkar ledig
54,Lindell Standard,lindellstandard.com,available,lindellstandard.se,available,100.0,15,https://foretagsinfo.bolagsverket.se/sok-foretagsinformation-web/foretag,https://www.tmdn.org/tmview/#/tmview/results?page=1&pageSize=30&criteria=C&basicSearch=Lindell+Standard,2026-07-30T13:22:30+00:00,.com verkar ledig; .se verkar ledig
55,Lindell Projects,lindellprojects.com,available,lindellprojects.se,available,100.0,15,https://foretagsinfo.bolagsverket.se/sok-foretagsinformation-web/foretag,https://www.tmdn.org/tmview/#/tmview/results?page=1&pageSize=30&criteria=C&basicSearch=Lindell+Projects,2026-07-30T13:22:30+00:00,.com verkar ledig; .se verkar ledig
56,Baltic Office,balticoffice.com,available,balticoffice.se,available,100.0,12,https://foretagsinfo.bolagsverket.se/sok-foretagsinformation-web/foretag,https://www.tmdn.org/tmview/#/tmview/results?page=1&pageSize=30&criteria=C&basicSearch=Baltic+Office,2026-07-30T13:22:30+00:00,.com verkar ledig; .se verkar ledig
57,Lind Bureau,lindbureau.com,available,lindbureau.se,available,99.7,10,https://foretagsinfo.bolagsverket.se/sok-foretagsinformation-web/foretag,https://www.tmdn.org/tmview/#/tmview/results?page=1&pageSize=30&criteria=C&basicSearch=Lind+Bureau,2026-07-30T13:22:30+00:00,.com verkar ledig; .se verkar ledig
58,Norr Bureau,norrbureau.com,available,norrbureau.se,available,99.7,10,https://foretagsinfo.bolagsverket.se/sok-foretagsinformation-web/foretag,https://www.tmdn.org/tmview/#/tmview/results?page=1&pageSize=30&criteria=C&basicSearch=Norr+Bureau,2026-07-30T13:22:30+00:00,.com verkar ledig; .se verkar ledig
59,Lindell Works,lindellworks.com,available,lindellworks.se,available,99.5,12,https://foretagsinfo.bolagsverket.se/sok-foretagsinformation-web/foretag,https://www.tmdn.org/tmview/#/tmview/results?page=1&pageSize=30&criteria=C&basicSearch=Lindell+Works,2026-07-30T13:22:30+00:00,.com verkar ledig; .se verkar ledig
60,Lindell North,lindellnorth.com,available,lindellnorth.se,available,99.5,12,https://foretagsinfo.bolagsverket.se/sok-foretagsinformation-web/foretag,https://www.tmdn.org/tmview/#/tmview/results?page=1&pageSize=30&criteria=C&basicSearch=Lindell+North,2026-07-30T13:22:30+00:00,.com verkar ledig; .se verkar ledig
61,Lindell Field,lindellfield.com,available,lindellfield.se,available,99.5,12,https://foretagsinfo.bolagsverket.se/sok-foretagsinformation-web/foretag,https://www.tmdn.org/tmview/#/tmview/results?page=1&pageSize=30&criteria=C&basicSearch=Lindell+Field,2026-07-30T13:22:30+00:00,.com verkar ledig; .se verkar ledig
62,Lindell Craft,lindellcraft.com,available,lindellcraft.se,available,99.5,12,https://foretagsinfo.bolagsverket.se/sok-foretagsinformation-web/foretag,https://www.tmdn.org/tmview/#/tmview/results?page=1&pageSize=30&criteria=C&basicSearch=Lindell+Craft,2026-07-30T13:22:30+00:00,.com verkar ledig; .se verkar ledig
63,Lindell Birch,lindellbirch.com,available,lindellbirch.se,available,99.5,12,https://foretagsinfo.bolagsverket.se/sok-foretagsinformation-web/foretag,https://www.tmdn.org/tmview/#/tmview/results?page=1&pageSize=30&criteria=C&basicSearch=Lindell+Birch,2026-07-30T13:22:30+00:00,.com verkar ledig; .se verkar ledig
64,Lindell Draft,lindelldraft.com,available,lindelldraft.se,available,99.5,12,https://foretagsinfo.bolagsverket.se/sok-foretagsinformation-web/foretag,https://www.tmdn.org/tmview/#/tmview/results?page=1&pageSize=30&criteria=C&basicSearch=Lindell+Draft,2026-07-30T13:22:30+00:00,.com verkar ledig; .se verkar ledig
65,Lind Standard,lindstandard.com,available,lindstandard.se,available,99.5,12,https://foretagsinfo.bolagsverket.se/sok-foretagsinformation-web/foretag,https://www.tmdn.org/tmview/#/tmview/results?page=1&pageSize=30&criteria=C&basicSearch=Lind+Standard,2026-07-30T13:22:30+00:00,.com verkar ledig; .se verkar ledig
66,Norr Standard,norrstandard.com,available,norrstandard.se,available,99.5,12,https://foretagsinfo.bolagsverket.se/sok-foretagsinformation-web/foretag,https://www.tmdn.org/tmview/#/tmview/results?page=1&pageSize=30&criteria=C&basicSearch=Norr+Standard,2026-07-30T13:22:30+00:00,.com verkar ledig; .se verkar ledig
67,Lindell Atlas,lindellatlas.com,available,lindellatlas.se,available,98.9,12,https://foretagsinfo.bolagsverket.se/sok-foretagsinformation-web/foretag,https://www.tmdn.org/tmview/#/tmview/results?page=1&pageSize=30&criteria=C&basicSearch=Lindell+Atlas,2026-07-30T13:22:30+00:00,.com verkar ledig; .se verkar ledig
68,Lindell Union,lindellunion.com,available,lindellunion.se,available,98.9,12,https://foretagsinfo.bolagsverket.se/sok-foretagsinformation-web/foretag,https://www.tmdn.org/tmview/#/tmview/results?page=1&pageSize=30&criteria=C&basicSearch=Lindell+Union,2026-07-30T13:22:30+00:00,.com verkar ledig; .se verkar ledig
69,Pine Standard,pinestandard.com,available,pinestandard.se,available,98.9,12,https://foretagsinfo.bolagsverket.se/sok-foretagsinformation-web/foretag,https://www.tmdn.org/tmview/#/tmview/results?page=1&pageSize=30&criteria=C&basicSearch=Pine+Standard,2026-07-30T13:22:30+00:00,.com verkar ledig; .se verkar ledig
70,Birch Standard,birchstandard.com,available,birchstandard.se,available,98.6,13,https://foretagsinfo.bolagsverket.se/sok-foretagsinformation-web/foretag,https://www.tmdn.org/tmview/#/tmview/results?page=1&pageSize=30&criteria=C&basicSearch=Birch+Standard,2026-07-30T13:22:30+00:00,.com verkar ledig; .se verkar ledig
71,Lind Company,lindcompany.com,available,lindcompany.se,registered,80.4,11,https://foretagsinfo.bolagsverket.se/sok-foretagsinformation-web/foretag,https://www.tmdn.org/tmview/#/tmview/results?page=1&pageSize=30&criteria=C&basicSearch=Lind+Company,2026-07-30T13:22:30+00:00,.com verkar ledig; .se registrerad
72,Lind Line,lindline.com,registered,lindline.se,available,-50.9,8,https://foretagsinfo.bolagsverket.se/sok-foretagsinformation-web/foretag,https://www.tmdn.org/tmview/#/tmview/results?page=1&pageSize=30&criteria=C&basicSearch=Lind+Line,2026-07-30T13:22:30+00:00,.com registrerad; .se verkar ledig
73,Lind Labs,lindlabs.com,registered,lindlabs.se,available,-53.0,8,https://foretagsinfo.bolagsverket.se/sok-foretagsinformation-web/foretag,https://www.tmdn.org/tmview/#/tmview/results?page=1&pageSize=30&criteria=C&basicSearch=Lind+Labs,2026-07-30T13:22:30+00:00,.com registrerad; .se verkar ledig
74,Lind House,lindhouse.com,registered,lindhouse.se,available,-55.1,9,https://foretagsinfo.bolagsverket.se/sok-foretagsinformation-web/foretag,https://www.tmdn.org/tmview/#/tmview/results?page=1&pageSize=30&criteria=C&basicSearch=Lind+House,2026-07-30T13:22:30+00:00,.com registrerad; .se verkar ledig
75,Lind Forge,lindforge.com,registered,lindforge.se,available,-55.1,9,https://foretagsinfo.bolagsverket.se/sok-foretagsinformation-web/foretag,https://www.tmdn.org/tmview/#/tmview/results?page=1&pageSize=30&criteria=C&basicSearch=Lind+Forge,2026-07-30T13:22:30+00:00,.com registrerad; .se verkar ledig
76,Lind Stone,lindstone.com,registered,lindstone.se,available,-55.1,9,https://foretagsinfo.bolagsverket.se/sok-foretagsinformation-web/foretag,https://www.tmdn.org/tmview/#/tmview/results?page=1&pageSize=30&criteria=C&basicSearch=Lind+Stone,2026-07-30T13:22:30+00:00,.com registrerad; .se verkar ledig
77,Lind Media,lindmedia.com,registered,lindmedia.se,available,-55.1,9,https://foretagsinfo.bolagsverket.se/sok-foretagsinformation-web/foretag,https://www.tmdn.org/tmview/#/tmview/results?page=1&pageSize=30&criteria=C&basicSearch=Lind+Media,2026-07-30T13:22:30+00:00,.com registrerad; .se verkar ledig
78,Norr Stone,norrstone.com,registered,norrstone.se,available,-55.1,9,https://foretagsinfo.bolagsverket.se/sok-foretagsinformation-web/foretag,https://www.tmdn.org/tmview/#/tmview/results?page=1&pageSize=30&criteria=C&basicSearch=Norr+Stone,2026-07-30T13:22:30+00:00,.com registrerad; .se verkar ledig
79,Pine Form,pineform.com,registered,pineform.se,available,-56.7,8,https://foretagsinfo.bolagsverket.se/sok-foretagsinformation-web/foretag,https://www.tmdn.org/tmview/#/tmview/results?page=1&pageSize=30&criteria=C&basicSearch=Pine+Form,2026-07-30T13:22:30+00:00,.com registrerad; .se verkar ledig
80,Lind Works,lindworks.com,registered,lindworks.se,available,-60.4,9,https://foretagsinfo.bolagsverket.se/sok-foretagsinformation-web/foretag,https://www.tmdn.org/tmview/#/tmview/results?page=1&pageSize=30&criteria=C&basicSearch=Lind+Works,2026-07-30T13:22:30+00:00,.com registrerad; .se verkar ledig
81,Lind Field,lindfield.com,registered,lindfield.se,available,-60.4,9,https://foretagsinfo.bolagsverket.se/sok-foretagsinformation-web/foretag,https://www.tmdn.org/tmview/#/tmview/results?page=1&pageSize=30&criteria=C&basicSearch=Lind+Field,2026-07-30T13:22:30+00:00,.com registrerad; .se verkar ledig
82,Norr Works,norrworks.com,registered,norrworks.se,available,-60.4,9,https://foretagsinfo.bolagsverket.se/sok-foretagsinformation-web/foretag,https://www.tmdn.org/tmview/#/tmview/results?page=1&pageSize=30&criteria=C&basicSearch=Norr+Works,2026-07-30T13:22:30+00:00,.com registrerad; .se verkar ledig
83,Norr Field,norrfield.com,registered,norrfield.se,available,-60.4,9,https://foretagsinfo.bolagsverket.se/sok-foretagsinformation-web/foretag,https://www.tmdn.org/tmview/#/tmview/results?page=1&pageSize=30&criteria=C&basicSearch=Norr+Field,2026-07-30T13:22:30+00:00,.com registrerad; .se verkar ledig
84,Birch Form,birchform.com,registered,birchform.se,available,-60.4,9,https://foretagsinfo.bolagsverket.se/sok-foretagsinformation-web/foretag,https://www.tmdn.org/tmview/#/tmview/results?page=1&pageSize=30&criteria=C&basicSearch=Birch+Form,2026-07-30T13:22:30+00:00,.com registrerad; .se verkar ledig
85,Lind Atlas,lindatlas.com,registered,lindatlas.se,available,-60.6,9,https://foretagsinfo.bolagsverket.se/sok-foretagsinformation-web/foretag,https://www.tmdn.org/tmview/#/tmview/results?page=1&pageSize=30&criteria=C&basicSearch=Lind+Atlas,2026-07-30T13:22:30+00:00,.com registrerad; .se verkar ledig
86,Lindell Media,lindellmedia.com,registered,lindellmedia.se,available,-61.3,12,https://foretagsinfo.bolagsverket.se/sok-foretagsinformation-web/foretag,https://www.tmdn.org/tmview/#/tmview/results?page=1&pageSize=30&criteria=C&basicSearch=Lindell+Media,2026-07-30T13:22:30+00:00,.com registrerad; .se verkar ledig
87,Baltic Studio,balticstudio.com,registered,balticstudio.se,available,-61.3,12,https://foretagsinfo.bolagsverket.se/sok-foretagsinformation-web/foretag,https://www.tmdn.org/tmview/#/tmview/results?page=1&pageSize=30&criteria=C&basicSearch=Baltic+Studio,2026-07-30T13:22:30+00:00,.com registrerad; .se verkar ledig
88,Lind Studio,lindstudio.com,registered,lindstudio.se,available,-62.3,10,https://foretagsinfo.bolagsverket.se/sok-foretagsinformation-web/foretag,https://www.tmdn.org/tmview/#/tmview/results?page=1&pageSize=30&criteria=C&basicSearch=Lind+Studio,2026-07-30T13:22:30+00:00,.com registrerad; .se verkar ledig
89,Birch House,birchhouse.com,registered,birchhouse.se,available,-62.3,10,https://foretagsinfo.bolagsverket.se/sok-foretagsinformation-web/foretag,https://www.tmdn.org/tmview/#/tmview/results?page=1&pageSize=30&criteria=C&basicSearch=Birch+House,2026-07-30T13:22:30+00:00,.com registrerad; .se verkar ledig
90,Boreal House,borealhouse.com,registered,borealhouse.se,available,-62.6,11,https://foretagsinfo.bolagsverket.se/sok-foretagsinformation-web/foretag,https://www.tmdn.org/tmview/#/tmview/results?page=1&pageSize=30&criteria=C&basicSearch=Boreal+House,2026-07-30T13:22:30+00:00,.com registrerad; .se verkar ledig
91,Baltic House,baltichouse.com,registered,baltichouse.se,available,-62.6,11,https://foretagsinfo.bolagsverket.se/sok-foretagsinformation-web/foretag,https://www.tmdn.org/tmview/#/tmview/results?page=1&pageSize=30&criteria=C&basicSearch=Baltic+House,2026-07-30T13:22:30+00:00,.com registrerad; .se verkar ledig
92,Baltic Frame,balticframe.com,registered,balticframe.se,available,-62.6,11,https://foretagsinfo.bolagsverket.se/sok-foretagsinformation-web/foretag,https://www.tmdn.org/tmview/#/tmview/results?page=1&pageSize=30&criteria=C&basicSearch=Baltic+Frame,2026-07-30T13:22:30+00:00,.com registrerad; .se verkar ledig
93,Baltic Forge,balticforge.com,registered,balticforge.se,available,-62.6,11,https://foretagsinfo.bolagsverket.se/sok-foretagsinformation-web/foretag,https://www.tmdn.org/tmview/#/tmview/results?page=1&pageSize=30&criteria=C&basicSearch=Baltic+Forge,2026-07-30T13:22:30+00:00,.com registrerad; .se verkar ledig
94,Birch Office,birchoffice.com,registered,birchoffice.se,available,-62.6,11,https://foretagsinfo.bolagsverket.se/sok-foretagsinformation-web/foretag,https://www.tmdn.org/tmview/#/tmview/results?page=1&pageSize=30&criteria=C&basicSearch=Birch+Office,2026-07-30T13:22:30+00:00,.com registrerad; .se verkar ledig
95,Birch Studio,birchstudio.com,registered,birchstudio.se,available,-63.4,11,https://foretagsinfo.bolagsverket.se/sok-foretagsinformation-web/foretag,https://www.tmdn.org/tmview/#/tmview/results?page=1&pageSize=30&criteria=C&basicSearch=Birch+Studio,2026-07-30T13:22:30+00:00,.com registrerad; .se verkar ledig
96,Baltic Standard,balticstandard.com,registered,balticstandard.se,available,-64.1,14,https://foretagsinfo.bolagsverket.se/sok-foretagsinformation-web/foretag,https://www.tmdn.org/tmview/#/tmview/results?page=1&pageSize=30&criteria=C&basicSearch=Baltic+Standard,2026-07-30T13:22:30+00:00,.com registrerad; .se verkar ledig
97,Slate House,slatehouse.com,registered,slatehouse.se,available,-64.2,10,https://foretagsinfo.bolagsverket.se/sok-foretagsinformation-web/foretag,https://www.tmdn.org/tmview/#/tmview/results?page=1&pageSize=30&criteria=C&basicSearch=Slate+House,2026-07-30T13:22:30+00:00,.com registrerad; .se verkar ledig
98,Lind Systems,lindsystems.com,registered,lindsystems.se,available,-64.4,11,https://foretagsinfo.bolagsverket.se/sok-foretagsinformation-web/foretag,https://www.tmdn.org/tmview/#/tmview/results?page=1&pageSize=30&criteria=C&basicSearch=Lind+Systems,2026-07-30T13:22:30+00:00,.com registrerad; .se verkar ledig
99,Boreal Works,borealworks.com,registered,borealworks.se,available,-64.4,11,https://foretagsinfo.bolagsverket.se/sok-foretagsinformation-web/foretag,https://www.tmdn.org/tmview/#/tmview/results?page=1&pageSize=30&criteria=C&basicSearch=Boreal+Works,2026-07-30T13:22:30+00:00,.com registrerad; .se verkar ledig
100,Birch Signal,birchsignal.com,registered,birchsignal.se,available,-64.4,11,https://foretagsinfo.bolagsverket.se/sok-foretagsinformation-web/foretag,https://www.tmdn.org/tmview/#/tmview/results?page=1&pageSize=30&criteria=C&basicSearch=Birch+Signal,2026-07-30T13:22:30+00:00,.com registrerad; .se verkar ledig
101,Lindell Design,lindelldesign.com,registered,lindelldesign.se,available,-64.9,13,https://foretagsinfo.bolagsverket.se/sok-foretagsinformation-web/foretag,https://www.tmdn.org/tmview/#/tmview/results?page=1&pageSize=30&criteria=C&basicSearch=Lindell+Design,2026-07-30T13:22:30+00:00,.com registrerad; .se verkar ledig
102,Lind Design,linddesign.com,registered,linddesign.se,available,-64.9,10,https://foretagsinfo.bolagsverket.se/sok-foretagsinformation-web/foretag,https://www.tmdn.org/tmview/#/tmview/results?page=1&pageSize=30&criteria=C&basicSearch=Lind+Design,2026-07-30T13:22:30+00:00,.com registrerad; .se verkar ledig
103,Baltic Form,balticform.com,registered,balticform.se,available,-64.9,10,https://foretagsinfo.bolagsverket.se/sok-foretagsinformation-web/foretag,https://www.tmdn.org/tmview/#/tmview/results?page=1&pageSize=30&criteria=C&basicSearch=Baltic+Form,2026-07-30T13:22:30+00:00,.com registrerad; .se verkar ledig
104,Slate Works,slateworks.com,registered,slateworks.se,available,-64.9,10,https://foretagsinfo.bolagsverket.se/sok-foretagsinformation-web/foretag,https://www.tmdn.org/tmview/#/tmview/results?page=1&pageSize=30&criteria=C&basicSearch=Slate+Works,2026-07-30T13:22:30+00:00,.com registrerad; .se verkar ledig
105,North Loom,northloom.com,registered,northloom.se,available,-65.4,9,https://foretagsinfo.bolagsverket.se/sok-foretagsinformation-web/foretag,https://www.tmdn.org/tmview/#/tmview/results?page=1&pageSize=30&criteria=C&basicSearch=North+Loom,2026-07-30T13:22:30+00:00,.com registrerad; .se verkar ledig
106,North Labs,northlabs.com,registered,northlabs.se,available,-65.4,9,https://foretagsinfo.bolagsverket.se/sok-foretagsinformation-web/foretag,https://www.tmdn.org/tmview/#/tmview/results?page=1&pageSize=30&criteria=C&basicSearch=North+Labs,2026-07-30T13:22:30+00:00,.com registrerad; .se verkar ledig
107,Lindell Group,lindellgroup.com,registered,lindellgroup.se,available,-65.5,12,https://foretagsinfo.bolagsverket.se/sok-foretagsinformation-web/foretag,https://www.tmdn.org/tmview/#/tmview/results?page=1&pageSize=30&criteria=C&basicSearch=Lindell+Group,2026-07-30T13:22:30+00:00,.com registrerad; .se verkar ledig
108,Baltic Signal,balticsignal.com,registered,balticsignal.se,available,-66.1,12,https://foretagsinfo.bolagsverket.se/sok-foretagsinformation-web/foretag,https://www.tmdn.org/tmview/#/tmview/results?page=1&pageSize=30&criteria=C&basicSearch=Baltic+Signal,2026-07-30T13:22:30+00:00,.com registrerad; .se verkar ledig
109,North Company,northcompany.com,registered,northcompany.se,available,-66.3,12,https://foretagsinfo.bolagsverket.se/sok-foretagsinformation-web/foretag,https://www.tmdn.org/tmview/#/tmview/results?page=1&pageSize=30&criteria=C&basicSearch=North+Company,2026-07-30T13:22:30+00:00,.com registrerad; .se verkar ledig
110,Northern House,northernhouse.com,registered,northernhouse.se,available,-66.7,13,https://foretagsinfo.bolagsverket.se/sok-foretagsinformation-web/foretag,https://www.tmdn.org/tmview/#/tmview/results?page=1&pageSize=30&criteria=C&basicSearch=Northern+House,2026-07-30T13:22:30+00:00,.com registrerad; .se verkar ledig
111,Northern Frame,northernframe.com,registered,northernframe.se,available,-66.7,13,https://foretagsinfo.bolagsverket.se/sok-foretagsinformation-web/foretag,https://www.tmdn.org/tmview/#/tmview/results?page=1&pageSize=30&criteria=C&basicSearch=Northern+Frame,2026-07-30T13:22:30+00:00,.com registrerad; .se verkar ledig
112,Northern Forge,northernforge.com,registered,northernforge.se,available,-66.7,13,https://foretagsinfo.bolagsverket.se/sok-foretagsinformation-web/foretag,https://www.tmdn.org/tmview/#/tmview/results?page=1&pageSize=30&criteria=C&basicSearch=Northern+Forge,2026-07-30T13:22:30+00:00,.com registrerad; .se verkar ledig
113,Lindell Digital,lindelldigital.com,registered,lindelldigital.se,available,-67.0,14,https://foretagsinfo.bolagsverket.se/sok-foretagsinformation-web/foretag,https://www.tmdn.org/tmview/#/tmview/results?page=1&pageSize=30&criteria=C&basicSearch=Lindell+Digital,2026-07-30T13:22:30+00:00,.com registrerad; .se verkar ledig
114,North Slate,northslate.com,registered,northslate.se,available,-67.3,10,https://foretagsinfo.bolagsverket.se/sok-foretagsinformation-web/foretag,https://www.tmdn.org/tmview/#/tmview/results?page=1&pageSize=30&criteria=C&basicSearch=North+Slate,2026-07-30T13:22:30+00:00,.com registrerad; .se verkar ledig
115,North Relay,northrelay.com,registered,northrelay.se,available,-67.3,10,https://foretagsinfo.bolagsverket.se/sok-foretagsinformation-web/foretag,https://www.tmdn.org/tmview/#/tmview/results?page=1&pageSize=30&criteria=C&basicSearch=North+Relay,2026-07-30T13:22:30+00:00,.com registrerad; .se verkar ledig
116,Northern Office,northernoffice.com,registered,northernoffice.se,available,-67.4,14,https://foretagsinfo.bolagsverket.se/sok-foretagsinformation-web/foretag,https://www.tmdn.org/tmview/#/tmview/results?page=1&pageSize=30&criteria=C&basicSearch=Northern+Office,2026-07-30T13:22:30+00:00,.com registrerad; .se verkar ledig
117,Birch Works,birchworks.com,registered,birchworks.se,available,-67.5,10,https://foretagsinfo.bolagsverket.se/sok-foretagsinformation-web/foretag,https://www.tmdn.org/tmview/#/tmview/results?page=1&pageSize=30&criteria=C&basicSearch=Birch+Works,2026-07-30T13:22:30+00:00,.com registrerad; .se verkar ledig
118,Birch Field,birchfield.com,registered,birchfield.se,available,-67.5,10,https://foretagsinfo.bolagsverket.se/sok-foretagsinformation-web/foretag,https://www.tmdn.org/tmview/#/tmview/results?page=1&pageSize=30&criteria=C&basicSearch=Birch+Field,2026-07-30T13:22:30+00:00,.com registrerad; .se verkar ledig
119,Lind Digital,linddigital.com,registered,linddigital.se,available,-67.6,11,https://foretagsinfo.bolagsverket.se/sok-foretagsinformation-web/foretag,https://www.tmdn.org/tmview/#/tmview/results?page=1&pageSize=30&criteria=C&basicSearch=Lind+Digital,2026-07-30T13:22:30+00:00,.com registrerad; .se verkar ledig
120,North Office,northoffice.com,registered,northoffice.se,available,-67.6,11,https://foretagsinfo.bolagsverket.se/sok-foretagsinformation-web/foretag,https://www.tmdn.org/tmview/#/tmview/results?page=1&pageSize=30&criteria=C&basicSearch=North+Office,2026-07-30T13:22:30+00:00,.com registrerad; .se verkar ledig
121,North Motive,northmotive.com,registered,northmotive.se,available,-67.6,11,https://foretagsinfo.bolagsverket.se/sok-foretagsinformation-web/foretag,https://www.tmdn.org/tmview/#/tmview/results?page=1&pageSize=30&criteria=C&basicSearch=North+Motive,2026-07-30T13:22:30+00:00,.com registrerad; .se verkar ledig
122,Nordic Forge,nordicforge.com,registered,nordicforge.se,available,-67.6,11,https://foretagsinfo.bolagsverket.se/sok-foretagsinformation-web/foretag,https://www.tmdn.org/tmview/#/tmview/results?page=1&pageSize=30&criteria=C&basicSearch=Nordic+Forge,2026-07-30T13:22:30+00:00,.com registrerad; .se verkar ledig
123,Northern Studio,northernstudio.com,registered,northernstudio.se,available,-67.6,14,https://foretagsinfo.bolagsverket.se/sok-foretagsinformation-web/foretag,https://www.tmdn.org/tmview/#/tmview/results?page=1&pageSize=30&criteria=C&basicSearch=Northern+Studio,2026-07-30T13:22:30+00:00,.com registrerad; .se verkar ledig
124,Northern Signal,northernsignal.com,registered,northernsignal.se,available,-69.1,14,https://foretagsinfo.bolagsverket.se/sok-foretagsinformation-web/foretag,https://www.tmdn.org/tmview/#/tmview/results?page=1&pageSize=30&criteria=C&basicSearch=Northern+Signal,2026-07-30T13:22:30+00:00,.com registrerad; .se verkar ledig
125,North Foundry,northfoundry.com,registered,northfoundry.se,available,-69.3,12,https://foretagsinfo.bolagsverket.se/sok-foretagsinformation-web/foretag,https://www.tmdn.org/tmview/#/tmview/results?page=1&pageSize=30&criteria=C&basicSearch=North+Foundry,2026-07-30T13:22:30+00:00,.com registrerad; .se verkar ledig
126,North Signal,northsignal.com,registered,northsignal.se,available,-69.4,11,https://foretagsinfo.bolagsverket.se/sok-foretagsinformation-web/foretag,https://www.tmdn.org/tmview/#/tmview/results?page=1&pageSize=30&criteria=C&basicSearch=North+Signal,2026-07-30T13:22:30+00:00,.com registrerad; .se verkar ledig
127,North Harbor,northharbor.com,registered,northharbor.se,available,-69.4,11,https://foretagsinfo.bolagsverket.se/sok-foretagsinformation-web/foretag,https://www.tmdn.org/tmview/#/tmview/results?page=1&pageSize=30&criteria=C&basicSearch=North+Harbor,2026-07-30T13:22:30+00:00,.com registrerad; .se verkar ledig
128,North Common,northcommon.com,registered,northcommon.se,available,-69.4,11,https://foretagsinfo.bolagsverket.se/sok-foretagsinformation-web/foretag,https://www.tmdn.org/tmview/#/tmview/results?page=1&pageSize=30&criteria=C&basicSearch=North+Common,2026-07-30T13:22:30+00:00,.com registrerad; .se verkar ledig
129,North Design,northdesign.com,registered,northdesign.se,available,-69.4,11,https://foretagsinfo.bolagsverket.se/sok-foretagsinformation-web/foretag,https://www.tmdn.org/tmview/#/tmview/results?page=1&pageSize=30&criteria=C&basicSearch=North+Design,2026-07-30T13:22:30+00:00,.com registrerad; .se verkar ledig
130,Nordic Works,nordicworks.com,registered,nordicworks.se,available,-69.4,11,https://foretagsinfo.bolagsverket.se/sok-foretagsinformation-web/foretag,https://www.tmdn.org/tmview/#/tmview/results?page=1&pageSize=30&criteria=C&basicSearch=Nordic+Works,2026-07-30T13:22:30+00:00,.com registrerad; .se verkar ledig
131,Pine Signal,pinesignal.com,registered,pinesignal.se,available,-69.4,10,https://foretagsinfo.bolagsverket.se/sok-foretagsinformation-web/foretag,https://www.tmdn.org/tmview/#/tmview/results?page=1&pageSize=30&criteria=C&basicSearch=Pine+Signal,2026-07-30T13:22:30+00:00,.com registrerad; .se verkar ledig
132,North Union,northunion.com,registered,northunion.se,available,-69.9,10,https://foretagsinfo.bolagsverket.se/sok-foretagsinformation-web/foretag,https://www.tmdn.org/tmview/#/tmview/results?page=1&pageSize=30&criteria=C&basicSearch=North+Union,2026-07-30T13:22:30+00:00,.com registrerad; .se verkar ledig
133,Nordic Mark,nordicmark.com,registered,nordicmark.se,available,-69.9,10,https://foretagsinfo.bolagsverket.se/sok-foretagsinformation-web/foretag,https://www.tmdn.org/tmview/#/tmview/results?page=1&pageSize=30&criteria=C&basicSearch=Nordic+Mark,2026-07-30T13:22:30+00:00,.com registrerad; .se verkar ledig
134,Nordic Current,nordiccurrent.com,registered,nordiccurrent.se,available,-69.9,13,https://foretagsinfo.bolagsverket.se/sok-foretagsinformation-web/foretag,https://www.tmdn.org/tmview/#/tmview/results?page=1&pageSize=30&criteria=C&basicSearch=Nordic+Current,2026-07-30T13:22:30+00:00,.com registrerad; .se verkar ledig
135,North Systems,northsystems.com,registered,northsystems.se,available,-70.5,12,https://foretagsinfo.bolagsverket.se/sok-foretagsinformation-web/foretag,https://www.tmdn.org/tmview/#/tmview/results?page=1&pageSize=30&criteria=C&basicSearch=North+Systems,2026-07-30T13:22:30+00:00,.com registrerad; .se verkar ledig
136,Northern Form,northernform.com,registered,northernform.se,available,-70.5,12,https://foretagsinfo.bolagsverket.se/sok-foretagsinformation-web/foretag,https://www.tmdn.org/tmview/#/tmview/results?page=1&pageSize=30&criteria=C&basicSearch=Northern+Form,2026-07-30T13:22:30+00:00,.com registrerad; .se verkar ledig
137,Northern Bureau,northernbureau.com,registered,northernbureau.se,available,-70.6,14,https://foretagsinfo.bolagsverket.se/sok-foretagsinformation-web/foretag,https://www.tmdn.org/tmview/#/tmview/results?page=1&pageSize=30&criteria=C&basicSearch=Northern+Bureau,2026-07-30T13:22:30+00:00,.com registrerad; .se verkar ledig
138,Nordic Signal,nordicsignal.com,registered,nordicsignal.se,available,-71.1,12,https://foretagsinfo.bolagsverket.se/sok-foretagsinformation-web/foretag,https://www.tmdn.org/tmview/#/tmview/results?page=1&pageSize=30&criteria=C&basicSearch=Nordic+Signal,2026-07-30T13:22:30+00:00,.com registrerad; .se verkar ledig
139,Nordic Harbor,nordicharbor.com,registered,nordicharbor.se,available,-71.1,12,https://foretagsinfo.bolagsverket.se/sok-foretagsinformation-web/foretag,https://www.tmdn.org/tmview/#/tmview/results?page=1&pageSize=30&criteria=C&basicSearch=Nordic+Harbor,2026-07-30T13:22:30+00:00,.com registrerad; .se verkar ledig
140,North Bureau,northbureau.com,registered,northbureau.se,available,-71.4,11,https://foretagsinfo.bolagsverket.se/sok-foretagsinformation-web/foretag,https://www.tmdn.org/tmview/#/tmview/results?page=1&pageSize=30&criteria=C&basicSearch=North+Bureau,2026-07-30T13:22:30+00:00,.com registrerad; .se verkar ledig
141,North Standard,northstandard.com,registered,northstandard.se,available,-71.4,13,https://foretagsinfo.bolagsverket.se/sok-foretagsinformation-web/foretag,https://www.tmdn.org/tmview/#/tmview/results?page=1&pageSize=30&criteria=C&basicSearch=North+Standard,2026-07-30T13:22:30+00:00,.com registrerad; .se verkar ledig
142,Northern Works,northernworks.com,registered,northernworks.se,available,-71.4,13,https://foretagsinfo.bolagsverket.se/sok-foretagsinformation-web/foretag,https://www.tmdn.org/tmview/#/tmview/results?page=1&pageSize=30&criteria=C&basicSearch=Northern+Works,2026-07-30T13:22:30+00:00,.com registrerad; .se verkar ledig
143,Northern Field,northernfield.com,registered,northernfield.se,available,-71.4,13,https://foretagsinfo.bolagsverket.se/sok-foretagsinformation-web/foretag,https://www.tmdn.org/tmview/#/tmview/results?page=1&pageSize=30&criteria=C&basicSearch=Northern+Field,2026-07-30T13:22:30+00:00,.com registrerad; .se verkar ledig
144,North Birch,northbirch.com,registered,northbirch.se,available,-72.5,10,https://foretagsinfo.bolagsverket.se/sok-foretagsinformation-web/foretag,https://www.tmdn.org/tmview/#/tmview/results?page=1&pageSize=30&criteria=C&basicSearch=North+Birch,2026-07-30T13:22:30+00:00,.com registrerad; .se verkar ledig
145,North Draft,northdraft.com,registered,northdraft.se,available,-72.5,10,https://foretagsinfo.bolagsverket.se/sok-foretagsinformation-web/foretag,https://www.tmdn.org/tmview/#/tmview/results?page=1&pageSize=30&criteria=C&basicSearch=North+Draft,2026-07-30T13:22:30+00:00,.com registrerad; .se verkar ledig
146,Nordic Atlas,nordicatlas.com,registered,nordicatlas.se,available,-72.6,11,https://foretagsinfo.bolagsverket.se/sok-foretagsinformation-web/foretag,https://www.tmdn.org/tmview/#/tmview/results?page=1&pageSize=30&criteria=C&basicSearch=Nordic+Atlas,2026-07-30T13:22:30+00:00,.com registrerad; .se verkar ledig
147,Lind & Co,lindco.com,registered,lindco.se,registered,-71.4,6,https://foretagsinfo.bolagsverket.se/sok-foretagsinformation-web/foretag,https://www.tmdn.org/tmview/#/tmview/results?page=1&pageSize=30&criteria=C&basicSearch=Lind+%26+Co,2026-07-30T13:22:30+00:00,.com registrerad; .se registrerad
148,Norr Line,norrline.com,registered,norrline.se,registered,-72.9,8,https://foretagsinfo.bolagsverket.se/sok-foretagsinformation-web/foretag,https://www.tmdn.org/tmview/#/tmview/results?page=1&pageSize=30&criteria=C&basicSearch=Norr+Line,2026-07-30T13:22:30+00:00,.com registrerad; .se registrerad
149,Lindell,lindell.com,registered,lindell.se,registered,-74.9,7,https://foretagsinfo.bolagsverket.se/sok-foretagsinformation-web/foretag,https://www.tmdn.org/tmview/#/tmview/results?page=1&pageSize=30&criteria=C&basicSearch=Lindell,2026-07-30T13:22:30+00:00,.com registrerad; .se registrerad
150,Lind Form,lindform.com,registered,lindform.se,registered,-75.0,8,https://foretagsinfo.bolagsverket.se/sok-foretagsinformation-web/foretag,https://www.tmdn.org/tmview/#/tmview/results?page=1&pageSize=30&criteria=C&basicSearch=Lind+Form,2026-07-30T13:22:30+00:00,.com registrerad; .se registrerad
151,Lind Mark,lindmark.com,registered,lindmark.se,registered,-75.0,8,https://foretagsinfo.bolagsverket.se/sok-foretagsinformation-web/foretag,https://www.tmdn.org/tmview/#/tmview/results?page=1&pageSize=30&criteria=C&basicSearch=Lind+Mark,2026-07-30T13:22:30+00:00,.com registrerad; .se registrerad
152,Norr Form,norrform.com,registered,norrform.se,registered,-75.0,8,https://foretagsinfo.bolagsverket.se/sok-foretagsinformation-web/foretag,https://www.tmdn.org/tmview/#/tmview/results?page=1&pageSize=30&criteria=C&basicSearch=Norr+Form,2026-07-30T13:22:30+00:00,.com registrerad; .se registrerad
153,Norr Mark,norrmark.com,registered,norrmark.se,registered,-75.0,8,https://foretagsinfo.bolagsverket.se/sok-foretagsinformation-web/foretag,https://www.tmdn.org/tmview/#/tmview/results?page=1&pageSize=30&criteria=C&basicSearch=Norr+Mark,2026-07-30T13:22:30+00:00,.com registrerad; .se registrerad
154,North & Co,northco.com,registered,northco.se,registered,-78.4,7,https://foretagsinfo.bolagsverket.se/sok-foretagsinformation-web/foretag,https://www.tmdn.org/tmview/#/tmview/results?page=1&pageSize=30&criteria=C&basicSearch=North+%26+Co,2026-07-30T13:22:30+00:00,.com registrerad; .se registrerad
155,North Line,northline.com,registered,northline.se,registered,-82.1,9,https://foretagsinfo.bolagsverket.se/sok-foretagsinformation-web/foretag,https://www.tmdn.org/tmview/#/tmview/results?page=1&pageSize=30&criteria=C&basicSearch=North+Line,2026-07-30T13:22:30+00:00,.com registrerad; .se registrerad
156,North Pine,northpine.com,registered,northpine.se,registered,-82.1,9,https://foretagsinfo.bolagsverket.se/sok-foretagsinformation-web/foretag,https://www.tmdn.org/tmview/#/tmview/results?page=1&pageSize=30&criteria=C&basicSearch=North+Pine,2026-07-30T13:22:30+00:00,.com registrerad; .se registrerad
157,Pine House,pinehouse.com,registered,pinehouse.se,registered,-82.1,9,https://foretagsinfo.bolagsverket.se/sok-foretagsinformation-web/foretag,https://www.tmdn.org/tmview/#/tmview/results?page=1&pageSize=30&criteria=C&basicSearch=Pine+House,2026-07-30T13:22:30+00:00,.com registrerad; .se registrerad
158,Lind Group,lindgroup.com,registered,lindgroup.se,registered,-82.4,9,https://foretagsinfo.bolagsverket.se/sok-foretagsinformation-web/foretag,https://www.tmdn.org/tmview/#/tmview/results?page=1&pageSize=30&criteria=C&basicSearch=Lind+Group,2026-07-30T13:22:30+00:00,.com registrerad; .se registrerad
159,Lind North,lindnorth.com,registered,lindnorth.se,registered,-82.4,9,https://foretagsinfo.bolagsverket.se/sok-foretagsinformation-web/foretag,https://www.tmdn.org/tmview/#/tmview/results?page=1&pageSize=30&criteria=C&basicSearch=Lind+North,2026-07-30T13:22:30+00:00,.com registrerad; .se registrerad
160,Pine Works,pineworks.com,registered,pineworks.se,registered,-82.6,9,https://foretagsinfo.bolagsverket.se/sok-foretagsinformation-web/foretag,https://www.tmdn.org/tmview/#/tmview/results?page=1&pageSize=30&criteria=C&basicSearch=Pine+Works,2026-07-30T13:22:30+00:00,.com registrerad; .se registrerad
161,Pine Field,pinefield.com,registered,pinefield.se,registered,-82.6,9,https://foretagsinfo.bolagsverket.se/sok-foretagsinformation-web/foretag,https://www.tmdn.org/tmview/#/tmview/results?page=1&pageSize=30&criteria=C&basicSearch=Pine+Field,2026-07-30T13:22:30+00:00,.com registrerad; .se registrerad
162,Norr Studio,norrstudio.com,registered,norrstudio.se,registered,-84.3,10,https://foretagsinfo.bolagsverket.se/sok-foretagsinformation-web/foretag,https://www.tmdn.org/tmview/#/tmview/results?page=1&pageSize=30&criteria=C&basicSearch=Norr+Studio,2026-07-30T13:22:30+00:00,.com registrerad; .se registrerad
163,Pine Studio,pinestudio.com,registered,pinestudio.se,registered,-86.2,10,https://foretagsinfo.bolagsverket.se/sok-foretagsinformation-web/foretag,https://www.tmdn.org/tmview/#/tmview/results?page=1&pageSize=30&criteria=C&basicSearch=Pine+Studio,2026-07-30T13:22:30+00:00,.com registrerad; .se registrerad
164,Stone House,stonehouse.com,registered,stonehouse.se,registered,-86.2,10,https://foretagsinfo.bolagsverket.se/sok-foretagsinformation-web/foretag,https://www.tmdn.org/tmview/#/tmview/results?page=1&pageSize=30&criteria=C&basicSearch=Stone+House,2026-07-30T13:22:30+00:00,.com registrerad; .se registrerad
165,Baltic Works,balticworks.com,registered,balticworks.se,registered,-86.4,11,https://foretagsinfo.bolagsverket.se/sok-foretagsinformation-web/foretag,https://www.tmdn.org/tmview/#/tmview/results?page=1&pageSize=30&criteria=C&basicSearch=Baltic+Works,2026-07-30T13:22:30+00:00,.com registrerad; .se registrerad
166,Norr Signal,norrsignal.com,registered,norrsignal.se,registered,-86.9,10,https://foretagsinfo.bolagsverket.se/sok-foretagsinformation-web/foretag,https://www.tmdn.org/tmview/#/tmview/results?page=1&pageSize=30&criteria=C&basicSearch=Norr+Signal,2026-07-30T13:22:30+00:00,.com registrerad; .se registrerad
167,Stone Works,stoneworks.com,registered,stoneworks.se,registered,-86.9,10,https://foretagsinfo.bolagsverket.se/sok-foretagsinformation-web/foretag,https://www.tmdn.org/tmview/#/tmview/results?page=1&pageSize=30&criteria=C&basicSearch=Stone+Works,2026-07-30T13:22:30+00:00,.com registrerad; .se registrerad
168,North Form,northform.com,registered,northform.se,registered,-87.4,9,https://foretagsinfo.bolagsverket.se/sok-foretagsinformation-web/foretag,https://www.tmdn.org/tmview/#/tmview/results?page=1&pageSize=30&criteria=C&basicSearch=North+Form,2026-07-30T13:22:30+00:00,.com registrerad; .se registrerad
169,North Mark,northmark.com,registered,northmark.se,registered,-87.4,9,https://foretagsinfo.bolagsverket.se/sok-foretagsinformation-web/foretag,https://www.tmdn.org/tmview/#/tmview/results?page=1&pageSize=30&criteria=C&basicSearch=North+Mark,2026-07-30T13:22:30+00:00,.com registrerad; .se registrerad
170,North Peak,northpeak.com,registered,northpeak.se,registered,-87.4,9,https://foretagsinfo.bolagsverket.se/sok-foretagsinformation-web/foretag,https://www.tmdn.org/tmview/#/tmview/results?page=1&pageSize=30&criteria=C&basicSearch=North+Peak,2026-07-30T13:22:30+00:00,.com registrerad; .se registrerad
171,Lind Projects,lindprojects.com,registered,lindprojects.se,registered,-87.5,12,https://foretagsinfo.bolagsverket.se/sok-foretagsinformation-web/foretag,https://www.tmdn.org/tmview/#/tmview/results?page=1&pageSize=30&criteria=C&basicSearch=Lind+Projects,2026-07-30T13:22:30+00:00,.com registrerad; .se registrerad
172,Nordic Studio,nordicstudio.com,registered,nordicstudio.se,registered,-88.3,12,https://foretagsinfo.bolagsverket.se/sok-foretagsinformation-web/foretag,https://www.tmdn.org/tmview/#/tmview/results?page=1&pageSize=30&criteria=C&basicSearch=Nordic+Studio,2026-07-30T13:22:30+00:00,.com registrerad; .se registrerad
173,North House,northhouse.com,registered,northhouse.se,registered,-89.3,10,https://foretagsinfo.bolagsverket.se/sok-foretagsinformation-web/foretag,https://www.tmdn.org/tmview/#/tmview/results?page=1&pageSize=30&criteria=C&basicSearch=North+House,2026-07-30T13:22:30+00:00,.com registrerad; .se registrerad
174,North Frame,northframe.com,registered,northframe.se,registered,-89.3,10,https://foretagsinfo.bolagsverket.se/sok-foretagsinformation-web/foretag,https://www.tmdn.org/tmview/#/tmview/results?page=1&pageSize=30&criteria=C&basicSearch=North+Frame,2026-07-30T13:22:30+00:00,.com registrerad; .se registrerad
175,North Forge,northforge.com,registered,northforge.se,registered,-89.3,10,https://foretagsinfo.bolagsverket.se/sok-foretagsinformation-web/foretag,https://www.tmdn.org/tmview/#/tmview/results?page=1&pageSize=30&criteria=C&basicSearch=North+Forge,2026-07-30T13:22:30+00:00,.com registrerad; .se registrerad
176,North Stone,northstone.com,registered,northstone.se,registered,-89.3,10,https://foretagsinfo.bolagsverket.se/sok-foretagsinformation-web/foretag,https://www.tmdn.org/tmview/#/tmview/results?page=1&pageSize=30&criteria=C&basicSearch=North+Stone,2026-07-30T13:22:30+00:00,.com registrerad; .se registrerad
177,North Media,northmedia.com,registered,northmedia.se,registered,-89.3,10,https://foretagsinfo.bolagsverket.se/sok-foretagsinformation-web/foretag,https://www.tmdn.org/tmview/#/tmview/results?page=1&pageSize=30&criteria=C&basicSearch=North+Media,2026-07-30T13:22:30+00:00,.com registrerad; .se registrerad
178,Nordic House,nordichouse.com,registered,nordichouse.se,registered,-89.6,11,https://foretagsinfo.bolagsverket.se/sok-foretagsinformation-web/foretag,https://www.tmdn.org/tmview/#/tmview/results?page=1&pageSize=30&criteria=C&basicSearch=Nordic+House,2026-07-30T13:22:30+00:00,.com registrerad; .se registrerad
179,Nordic Frame,nordicframe.com,registered,nordicframe.se,registered,-89.6,11,https://foretagsinfo.bolagsverket.se/sok-foretagsinformation-web/foretag,https://www.tmdn.org/tmview/#/tmview/results?page=1&pageSize=30&criteria=C&basicSearch=Nordic+Frame,2026-07-30T13:22:30+00:00,.com registrerad; .se registrerad
180,Nordic Stone,nordicstone.com,registered,nordicstone.se,registered,-89.6,11,https://foretagsinfo.bolagsverket.se/sok-foretagsinformation-web/foretag,https://www.tmdn.org/tmview/#/tmview/results?page=1&pageSize=30&criteria=C&basicSearch=Nordic+Stone,2026-07-30T13:22:30+00:00,.com registrerad; .se registrerad
181,North Studio,northstudio.com,registered,northstudio.se,registered,-90.4,11,https://foretagsinfo.bolagsverket.se/sok-foretagsinformation-web/foretag,https://www.tmdn.org/tmview/#/tmview/results?page=1&pageSize=30&criteria=C&basicSearch=North+Studio,2026-07-30T13:22:30+00:00,.com registrerad; .se registrerad
182,Nordic Company,nordiccompany.com,registered,nordiccompany.se,registered,-90.6,13,https://foretagsinfo.bolagsverket.se/sok-foretagsinformation-web/foretag,https://www.tmdn.org/tmview/#/tmview/results?page=1&pageSize=30&criteria=C&basicSearch=Nordic+Company,2026-07-30T13:22:30+00:00,.com registrerad; .se registrerad
183,Nordic Standard,nordicstandard.com,registered,nordicstandard.se,registered,-91.1,14,https://foretagsinfo.bolagsverket.se/sok-foretagsinformation-web/foretag,https://www.tmdn.org/tmview/#/tmview/results?page=1&pageSize=30&criteria=C&basicSearch=Nordic+Standard,2026-07-30T13:22:30+00:00,.com registrerad; .se registrerad
184,Nordic Line,nordicline.com,registered,nordicline.se,registered,-91.2,10,https://foretagsinfo.bolagsverket.se/sok-foretagsinformation-web/foretag,https://www.tmdn.org/tmview/#/tmview/results?page=1&pageSize=30&criteria=C&basicSearch=Nordic+Line,2026-07-30T13:22:30+00:00,.com registrerad; .se registrerad
185,Nordic Pine,nordicpine.com,registered,nordicpine.se,registered,-91.2,10,https://foretagsinfo.bolagsverket.se/sok-foretagsinformation-web/foretag,https://www.tmdn.org/tmview/#/tmview/results?page=1&pageSize=30&criteria=C&basicSearch=Nordic+Pine,2026-07-30T13:22:30+00:00,.com registrerad; .se registrerad
186,Nordic Bureau,nordicbureau.com,registered,nordicbureau.se,registered,-91.3,12,https://foretagsinfo.bolagsverket.se/sok-foretagsinformation-web/foretag,https://www.tmdn.org/tmview/#/tmview/results?page=1&pageSize=30&criteria=C&basicSearch=Nordic+Bureau,2026-07-30T13:22:30+00:00,.com registrerad; .se registrerad
187,Nordic Field,nordicfield.com,registered,nordicfield.se,registered,-91.4,11,https://foretagsinfo.bolagsverket.se/sok-foretagsinformation-web/foretag,https://www.tmdn.org/tmview/#/tmview/results?page=1&pageSize=30&criteria=C&basicSearch=Nordic+Field,2026-07-30T13:22:30+00:00,.com registrerad; .se registrerad
188,Nordic Craft,nordiccraft.com,registered,nordiccraft.se,registered,-91.4,11,https://foretagsinfo.bolagsverket.se/sok-foretagsinformation-web/foretag,https://www.tmdn.org/tmview/#/tmview/results?page=1&pageSize=30&criteria=C&basicSearch=Nordic+Craft,2026-07-30T13:22:30+00:00,.com registrerad; .se registrerad
189,North Atlas,northatlas.com,registered,northatlas.se,registered,-91.9,10,https://foretagsinfo.bolagsverket.se/sok-foretagsinformation-web/foretag,https://www.tmdn.org/tmview/#/tmview/results?page=1&pageSize=30&criteria=C&basicSearch=North+Atlas,2026-07-30T13:22:30+00:00,.com registrerad; .se registrerad
190,Nordic Form,nordicform.com,registered,nordicform.se,registered,-91.9,10,https://foretagsinfo.bolagsverket.se/sok-foretagsinformation-web/foretag,https://www.tmdn.org/tmview/#/tmview/results?page=1&pageSize=30&criteria=C&basicSearch=Nordic+Form,2026-07-30T13:22:30+00:00,.com registrerad; .se registrerad
191,Nordic Office,nordicoffice.com,registered,nordicoffice.se,registered,-92.0,12,https://foretagsinfo.bolagsverket.se/sok-foretagsinformation-web/foretag,https://www.tmdn.org/tmview/#/tmview/results?page=1&pageSize=30&criteria=C&basicSearch=Nordic+Office,2026-07-30T13:22:30+00:00,.com registrerad; .se registrerad
192,North Current,northcurrent.com,registered,northcurrent.se,registered,-92.5,12,https://foretagsinfo.bolagsverket.se/sok-foretagsinformation-web/foretag,https://www.tmdn.org/tmview/#/tmview/results?page=1&pageSize=30&criteria=C&basicSearch=North+Current,2026-07-30T13:22:30+00:00,.com registrerad; .se registrerad
193,North Network,northnetwork.com,registered,northnetwork.se,registered,-92.5,12,https://foretagsinfo.bolagsverket.se/sok-foretagsinformation-web/foretag,https://www.tmdn.org/tmview/#/tmview/results?page=1&pageSize=30&criteria=C&basicSearch=North+Network,2026-07-30T13:22:30+00:00,.com registrerad; .se registrerad
194,North Digital,northdigital.com,registered,northdigital.se,registered,-93.1,12,https://foretagsinfo.bolagsverket.se/sok-foretagsinformation-web/foretag,https://www.tmdn.org/tmview/#/tmview/results?page=1&pageSize=30&criteria=C&basicSearch=North+Digital,2026-07-30T13:22:30+00:00,.com registrerad; .se registrerad
195,North Projects,northprojects.com,registered,northprojects.se,registered,-93.4,13,https://foretagsinfo.bolagsverket.se/sok-foretagsinformation-web/foretag,https://www.tmdn.org/tmview/#/tmview/results?page=1&pageSize=30&criteria=C&basicSearch=North+Projects,2026-07-30T13:22:30+00:00,.com registrerad; .se registrerad
196,North Works,northworks.com,registered,northworks.se,registered,-94.5,10,https://foretagsinfo.bolagsverket.se/sok-foretagsinformation-web/foretag,https://www.tmdn.org/tmview/#/tmview/results?page=1&pageSize=30&criteria=C&basicSearch=North+Works,2026-07-30T13:22:30+00:00,.com registrerad; .se registrerad
197,North Group,northgroup.com,registered,northgroup.se,registered,-94.5,10,https://foretagsinfo.bolagsverket.se/sok-foretagsinformation-web/foretag,https://www.tmdn.org/tmview/#/tmview/results?page=1&pageSize=30&criteria=C&basicSearch=North+Group,2026-07-30T13:22:30+00:00,.com registrerad; .se registrerad
198,North Field,northfield.com,registered,northfield.se,registered,-94.5,10,https://foretagsinfo.bolagsverket.se/sok-foretagsinformation-web/foretag,https://www.tmdn.org/tmview/#/tmview/results?page=1&pageSize=30&criteria=C&basicSearch=North+Field,2026-07-30T13:22:30+00:00,.com registrerad; .se registrerad
199,North Craft,northcraft.com,registered,northcraft.se,registered,-94.5,10,https://foretagsinfo.bolagsverket.se/sok-foretagsinformation-web/foretag,https://www.tmdn.org/tmview/#/tmview/results?page=1&pageSize=30&criteria=C&basicSearch=North+Craft,2026-07-30T13:22:30+00:00,.com registrerad; .se registrerad
200,North Point,northpoint.com,registered,northpoint.se,registered,-94.5,10,https://foretagsinfo.bolagsverket.se/sok-foretagsinformation-web/foretag,https://www.tmdn.org/tmview/#/tmview/results?page=1&pageSize=30&criteria=C&basicSearch=North+Point,2026-07-30T13:22:30+00:00,.com registrerad; .se registrerad
