rank,name,com_domain,com_status,se_domain,se_status,score,length,bolagsverket_url,tmview_url,checked_at_utc,notes
1,Veroable,veroable.com,available,veroable.se,available,114.1,8,https://foretagsinfo.bolagsverket.se/sok-foretagsinformation-web/foretag,https://www.tmdn.org/tmview/#/tmview/results?page=1&pageSize=30&criteria=C&basicSearch=Veroable,2026-07-29T16:34:14+00:00,.com verkar ledig; .se verkar ledig
2,Frable,frable.com,registered,frable.se,available,-49.4,6,https://foretagsinfo.bolagsverket.se/sok-foretagsinformation-web/foretag,https://www.tmdn.org/tmview/#/tmview/results?page=1&pageSize=30&criteria=C&basicSearch=Frable,2026-07-29T16:34:14+00:00,.com registrerad; .se verkar ledig
3,Floivo,floivo.com,registered,floivo.se,available,-49.4,6,https://foretagsinfo.bolagsverket.se/sok-foretagsinformation-web/foretag,https://www.tmdn.org/tmview/#/tmview/results?page=1&pageSize=30&criteria=C&basicSearch=Floivo,2026-07-29T16:34:14+00:00,.com registrerad; .se verkar ledig
4,Ralaro,ralaro.com,registered,ralaro.se,available,-56.6,6,https://foretagsinfo.bolagsverket.se/sok-foretagsinformation-web/foretag,https://www.tmdn.org/tmview/#/tmview/results?page=1&pageSize=30&criteria=C&basicSearch=Ralaro,2026-07-29T16:34:14+00:00,.com registrerad; .se verkar ledig
5,Ralara,ralara.com,registered,ralara.se,available,-56.6,6,https://foretagsinfo.bolagsverket.se/sok-foretagsinformation-web/foretag,https://www.tmdn.org/tmview/#/tmview/results?page=1&pageSize=30&criteria=C&basicSearch=Ralara,2026-07-29T16:34:14+00:00,.com registrerad; .se verkar ledig
6,Marera,marera.com,registered,marera.se,available,-56.6,6,https://foretagsinfo.bolagsverket.se/sok-foretagsinformation-web/foretag,https://www.tmdn.org/tmview/#/tmview/results?page=1&pageSize=30&criteria=C&basicSearch=Marera,2026-07-29T16:34:14+00:00,.com registrerad; .se verkar ledig
7,Corava,corava.com,registered,corava.se,available,-56.6,6,https://foretagsinfo.bolagsverket.se/sok-foretagsinformation-web/foretag,https://www.tmdn.org/tmview/#/tmview/results?page=1&pageSize=30&criteria=C&basicSearch=Corava,2026-07-29T16:34:14+00:00,.com registrerad; .se verkar ledig
8,Kaily,kaily.com,registered,kaily.se,available,-57.6,5,https://foretagsinfo.bolagsverket.se/sok-foretagsinformation-web/foretag,https://www.tmdn.org/tmview/#/tmview/results?page=1&pageSize=30&criteria=C&basicSearch=Kaily,2026-07-29T16:34:14+00:00,.com registrerad; .se verkar ledig
9,Praly,praly.com,registered,praly.se,available,-57.6,5,https://foretagsinfo.bolagsverket.se/sok-foretagsinformation-web/foretag,https://www.tmdn.org/tmview/#/tmview/results?page=1&pageSize=30&criteria=C&basicSearch=Praly,2026-07-29T16:34:14+00:00,.com registrerad; .se verkar ledig
10,Formia,formia.com,registered,formia.se,registered,-71.4,6,https://foretagsinfo.bolagsverket.se/sok-foretagsinformation-web/foretag,https://www.tmdn.org/tmview/#/tmview/results?page=1&pageSize=30&criteria=C&basicSearch=Formia,2026-07-29T16:34:14+00:00,.com registrerad; .se registrerad
